url_path,views_total,views_unique
/PhysiBoSS/PhysiBoSS,17,14
/PhysiBoSS/PhysiBoSS/tree/master/sample_projects_intracellular/boolean/tutorial,6,5
/PhysiBoSS/PhysiBoSS/tree/master/sample_projects_intracellular/boolean/spheroid_tnf_model/custom_modules,5,1
/PhysiBoSS/PhysiBoSS/tree/master/sample_projects_intracellular/boolean,3,2
/PhysiBoSS/PhysiBoSS/tree/master/sample_projects_intracellular/boolean/tutorial/scripts,3,2
/PhysiBoSS/PhysiBoSS/tree/master/licenses,3,1
/PhysiBoSS/PhysiBoSS/blob/master/sample_projects_intracellular/boolean/tutorial/paper/PhysiBoSS_tutorial_main_text.pdf,2,2
/PhysiBoSS/PhysiBoSS/tree/master/sample_projects_intracellular,2,2
/PhysiBoSS/PhysiBoSS/tree/master/sample_projects_intracellular/boolean/tutorial/config,2,2
/PhysiBoSS/PhysiBoSS/tree/master/sample_projects_intracellular/boolean/spheroid_tnf_model,2,1
